Coeficiente,Intercepto,R2_score
0.19999999999999996,1.4210854715202004e-14,1.0
